district,tehsil,hh_anysource,radio,tv,newspaper,telephone,mobile,computerinternet
BANNU DISTRICT,BANNU TEHSIL,98138,7972,14454,5309,2643,97291,8354
BANNU DISTRICT,DOMEL TEHSIL,17170,1925,1775,1434,662,17106,1062
LAKKI MARWAT DISTRICT,LAKKI MARWAT TEHSIL,65054,3912,11244,2620,561,64733,4175
LAKKI MARWAT DISTRICT,SARAI NAURANG TEHSIL,28267,2987,4713,827,272,28099,1857
DERA ISMAIL KHAN DISTRICT,DARABAN TEHSIL,13471,1728,1976,903,390,13375,713
DERA ISMAIL KHAN DISTRICT,DERA ISMAIL KHAN TEHSIL,86582,5127,49511,3735,5627,85597,12401
DERA ISMAIL KHAN DISTRICT,KULACHI TEHSIL,11617,716,2064,164,80,11550,375
DERA ISMAIL KHAN DISTRICT,PAHARPUR TEHSIL,45172,2298,21371,773,402,44565,2700
DERA ISMAIL KHAN DISTRICT,PAROA TEHSIL,32282,1881,6812,649,140,32088,983
TANK DISTRICT,TANK TEHSIL,40636,4426,6389,1947,511,40396,2528
ABBOTTABAD DISTRICT,ABBOTTABAD TEHSIL,156504,10313,99859,10996,11129,155041,23341
ABBOTTABAD DISTRICT,HAVELIAN TEHSIL,53309,2843,30804,3258,1712,52839,4447
BATAGRAM DISTRICT,ALLAI TEHSIL,24809,2513,1202,2116,609,24600,1282
BATAGRAM DISTRICT,BATAGRAM TEHSIL,40722,2776,4369,2766,264,40635,2058
HARIPUR DISTRICT,GHAZI TEHSIL,23504,1912,14113,1599,1361,23293,3150
HARIPUR DISTRICT,HARIPUR TEHSIL,133880,11171,94384,19173,10275,132221,20105
MANSEHRA DISTRICT,BALA KOT TEHSIL,43595,3311,12678,3642,414,43301,3768
MANSEHRA DISTRICT,MANSEHRA TEHSIL,146820,4100,66640,7932,5492,144887,14825
MANSEHRA DISTRICT,OGHI TEHSIL,35776,1536,10980,2503,446,35567,1789
TORGHAR DISTRICT,JUDBA TEHSIL,13961,1469,258,87,81,13857,217
TORGHAR DISTRICT,KHANDER TEHSIL,10806,2052,280,129,29,10737,134
HANGU DISTRICT,HANGU TEHSIL,23969,2675,5881,856,1572,23536,2097
HANGU DISTRICT,TALL TEHSIL,21574,5610,2903,779,1184,21492,1617
KARAK DISTRICT,BANDA DAUD SHAH TEHSIL,16137,1465,3180,491,293,16038,1116
KARAK DISTRICT,KARAK TEHSIL,30178,3993,7235,2237,458,29873,2024
KARAK DISTRICT,TAKHT-E-NASRATI TEHSIL,24048,2024,2784,2005,345,23919,1623
KOHAT DISTRICT,KOHAT TEHSIL,96831,6054,38553,3817,4097,95377,11229
KOHAT DISTRICT,LACHI TEHSIL,18211,649,3351,301,277,17977,932
MARDAN DISTRICT,KATLANG TEHSIL,40403,2150,11530,2135,338,40252,3706
MARDAN DISTRICT,MARDAN TEHSIL,171904,13488,68846,16385,6601,170902,27774
MARDAN DISTRICT,TAKHT BHAI TEHSIL,88325,5497,24828,7575,1288,87821,8938
SWABI DISTRICT,LAHOR TEHSIL,37620,1468,9601,711,590,37419,3435
SWABI DISTRICT,RAZAR TEHSIL,73005,2379,18181,2502,1126,72642,6619
SWABI DISTRICT,SWABI TEHSIL,51266,3687,14116,2267,1550,50839,6238
SWABI DISTRICT,TOPI TEHSIL,42732,2420,10689,1492,1697,42488,4564
CHARSADDA DISTRICT,CHARSADDA TEHSIL,104435,14039,34379,12547,2464,103523,10747
CHARSADDA DISTRICT,SHABQADAR TEHSIL,47753,4964,7650,2502,689,47475,2746
CHARSADDA DISTRICT,TANGI TEHSIL,57414,12008,12398,8591,1307,56985,7203
NOWSHERA DISTRICT,JEHANGIRA TEHSIL,43028,2064,20979,2771,615,42479,5587
NOWSHERA DISTRICT,NOWSHERA TEHSIL,90924,6123,46459,8311,3537,89968,15062
NOWSHERA DISTRICT,PABBI TEHSIL,55442,4823,30234,7546,1909,54886,8112
PESHAWAR DISTRICT,PESHAWAR TEHSIL,483940,53015,243817,54564,37504,479705,91656
BUNER DISTRICT,DAGGAR TEHSIL,32954,3807,3713,2269,1602,32841,2626
BUNER DISTRICT,GAGRA TEHSIL,26051,1531,2865,1078,488,25976,1929
BUNER DISTRICT,KHADO KHEL TEHSIL,13630,558,930,187,317,13595,609
BUNER DISTRICT,MANDANR TEHSIL,17074,1675,1512,840,171,17035,1256
CHITRAL DISTRICT,CHITRAL SUB-DIVISION,34794,6476,14915,2490,3255,33791,4470
CHITRAL DISTRICT,MASTUJ SUB-DIVISION,21456,5595,7875,268,4496,21055,2185
SHANGLA DISTRICT,ALPURI TEHSIL,59311,8293,4490,1323,2030,58865,2162
SHANGLA DISTRICT,BISHAM TEHSIL,12226,1245,778,439,346,12131,429
SHANGLA DISTRICT,PURAN TEHSIL,14408,1119,1221,131,156,14350,404
SWAT DISTRICT,BABUZAI TEHSIL,71624,2504,30561,4319,5616,71133,10101
SWAT DISTRICT,BARIKOT TEHSIL,22151,1581,4919,2239,1061,22085,2853
SWAT DISTRICT,BEHRAIN TEHSIL,29018,1924,3335,920,241,28843,1127
SWAT DISTRICT,CHARBAGH TEHSIL,14868,623,2712,656,383,14820,1052
SWAT DISTRICT,KABAL TEHSIL,46577,2777,10814,1394,1601,46407,5313
SWAT DISTRICT,KHAWAZAKHELA TEHSIL,30749,4380,4281,1010,1027,30509,1979
SWAT DISTRICT,MATTA TEHSIL,51045,6172,6099,1377,2048,50873,4221
LOWER DIR DISTRICT,ADENZAI SUB-DIVISION,36144,2027,6896,2204,613,36043,3326
LOWER DIR DISTRICT,LAL QILA SUB-DIVISION,24326,7256,2687,1761,652,24234,4575
LOWER DIR DISTRICT,SAMARBAGH SUB-DIVISION,35904,7515,4439,2988,989,35699,2343
LOWER DIR DISTRICT,TEMERGARA SUB-DIVISION,55295,7982,11180,3731,1598,55072,5236
UPPER DIR DISTRICT,DIR SUB-DIVISION,53438,5974,4307,4024,1053,53261,2306
UPPER DIR DISTRICT,SHARINGAL SUB-DIVISION,23453,2547,591,422,271,23346,601
UPPER DIR DISTRICT,WARI SUB-DIVISION,38850,3129,1528,441,236,38773,795
MALAKAND PROTECTED AREA,SAM RANI ZAI SUB-DIVISION,37290,1909,11231,2112,889,37136,4295
MALAKAND PROTECTED AREA,SWAT RANI ZAI SUB-DIVISION,49872,2074,13056,2227,2610,49153,4522
KHYBER AGENCY,BARA TEHSIL,48800,20101,3411,4789,1041,38463,2727
KHYBER AGENCY,JAMRUD TEHSIL,25704,8353,3279,3319,276,25461,2240
KHYBER AGENCY,LANDI KOTAL TEHSIL,26911,11721,3091,4506,2019,24196,1295
KHYBER AGENCY,MULLA GORI TEHSIL,3663,723,843,218,119,3609,110
KURRAM AGENCY,CENTRAL KURRAM F.R,20558,16280,1262,450,1628,10511,562
KURRAM AGENCY,LOWER KURRAM TEHSIL,13727,8057,4390,1132,886,13414,1281
KURRAM AGENCY,UPPER KURRAM TEHSIL,25326,14136,16255,1372,2061,24937,2221
MOHMAND AGENCY,AMBAR UTMAN KHEL TEHSIL,5939,2053,51,22,113,5554,92
MOHMAND AGENCY,HALIM ZAI TEHSIL,8428,2793,888,1072,730,7885,310
MOHMAND AGENCY,PINDIALI TEHSIL,7980,3348,516,74,296,7604,92
MOHMAND AGENCY,PRANG GHAR TEHSIL,3964,595,155,83,26,3939,56
MOHMAND AGENCY,SAFI TEHSIL,7413,3833,565,530,543,6902,92
MOHMAND AGENCY,UPPER MOHMAND TEHSIL,4693,3019,211,325,437,3449,180
MOHMAND AGENCY,YAKE GHUND TEHSIL,5855,1035,738,122,43,5533,181
NORTH WAZIRISTAN AGENCY,DATTA KHEL TEHSIL,5693,5387,801,99,610,573,114
NORTH WAZIRISTAN AGENCY,DOSSALI TEHSIL,2650,2598,179,37,26,30,5
NORTH WAZIRISTAN AGENCY,GHARYUM TEHSIL,1220,1207,40,7,,138,1
NORTH WAZIRISTAN AGENCY,GHULAM KHAN TEHSIL,2035,1659,79,31,29,491,18
NORTH WAZIRISTAN AGENCY,MIR ALI TEHSIL,13627,10208,1955,1944,2490,7137,703
NORTH WAZIRISTAN AGENCY,MIRAN SHAH TEHSIL,5132,3866,979,283,650,1338,584
NORTH WAZIRISTAN AGENCY,RAZMAK TEHSIL,1351,1222,209,106,197,39,29
NORTH WAZIRISTAN AGENCY,SHEWA TEHSIL,3556,2702,227,167,1500,2925,238
NORTH WAZIRISTAN AGENCY,SPINWAM TEHSIL,2640,2073,129,34,599,1099,30
ORAKZAI AGENCY,CENTRAL TEHSIL,5478,3674,78,133,2186,4401,110
ORAKZAI AGENCY,ISMAIL ZAI TEHSIL,1787,1180,65,36,278,1206,40
ORAKZAI AGENCY,LOWER TEHSIL,10461,6255,2623,348,5640,6873,415
ORAKZAI AGENCY,UPPER TEHSIL,6819,6149,23,47,502,2315,15
SOUTH WAZIRISTAN AGENCY,BIRMIL TEHSIL,4270,3652,950,147,335,211,116
SOUTH WAZIRISTAN AGENCY,LADHA TEHSIL,9918,7885,312,136,137,2397,80
SOUTH WAZIRISTAN AGENCY,MAKIN TEHSIL,3850,2909,76,58,36,1319,88
SOUTH WAZIRISTAN AGENCY,SARAROGHA TEHSIL,7237,6262,267,192,93,1710,99
SOUTH WAZIRISTAN AGENCY,SERWEKAI TEHSIL,4935,4089,473,70,424,984,52
SOUTH WAZIRISTAN AGENCY,TIARZA TEHSIL,1674,1620,177,17,11,161,13
SOUTH WAZIRISTAN AGENCY,TOI KHULLA TEHSIL,3369,2705,221,16,13,785,27
SOUTH WAZIRISTAN AGENCY,WANA TEHSIL,7235,6290,2547,1119,1487,287,321
BAJAUR AGENCY,BAR CHAMER KAND TEHSIL,274,214,3,4,2,255,
BAJAUR AGENCY,BARANG TEHSIL,9756,3763,78,42,395,8784,97
BAJAUR AGENCY,KHAR BAJAUR TEHSIL,27065,14171,2781,2255,1025,26671,1467
BAJAUR AGENCY,MAMUND TEHSIL,34845,19404,1286,1361,1194,34203,899
BAJAUR AGENCY,NAWAGAI TEHSIL,7356,3739,284,269,142,7203,119
BAJAUR AGENCY,SALARZAI TEHSIL,28264,14529,738,804,1002,27647,436
BAJAUR AGENCY,UTMAN KHEL TEHSIL,10538,3547,545,411,136,10414,304
FR BANNU,TRIBAL AREA ADJ. BANNU DISTRICT,3693,1418,151,53,180,3504,32
FR D.I.KHAN,TRIBAL AREA ADJ. DERA ISMAIL KHAN DISTRICT,4438,2044,624,249,532,3419,274
FR KOHAT,TRIBAL AREA ADJ. KOHAT DISTRICT,11560,3446,978,762,1580,9952,809
FR LAKKI MARWAT,TRIBAL AREA ADJ. LAKKI MARWAT DISTRICT,3063,1144,162,26,66,2852,32
FR PESHAWAR,TRIBAL AREA ADJ. PESHAWAR DISTRICT,6733,3062,1082,364,247,6367,305
FR TANK,TRIBAL AREA ADJ. TANK DISTRICT,2537,1277,521,59,343,1693,35
ATTOCK DISTRICT,ATTOCK TEHSIL,67129,2613,53635,2684,5398,66365,15561
ATTOCK DISTRICT,FATEH JANG TEHSIL,49913,2999,37699,1047,799,49252,4452
ATTOCK DISTRICT,HASAN ABDAL TEHSIL,31459,1587,23146,1113,1047,31137,3793
ATTOCK DISTRICT,HAZRO TEHSIL,51727,2196,31120,1804,2515,51175,6866
ATTOCK DISTRICT,JAND TEHSIL,50632,4134,34307,2623,917,49957,4450
ATTOCK DISTRICT,PINDI GHEB TEHSIL,44533,1045,33500,1233,1514,43882,4639
CHAKWAL DISTRICT,CHAKWAL TEHSIL,112756,3656,90135,4324,8364,111015,12944
CHAKWAL DISTRICT,CHOA SAIDAN SHAH TEHSIL,23927,1262,18816,777,1294,23202,2607
CHAKWAL DISTRICT,KALLAR KAHAR TEHSIL,29504,815,23112,1571,1510,28802,3371
CHAKWAL DISTRICT,LAWA TEHSIL,21548,713,11530,406,277,21344,1205
CHAKWAL DISTRICT,TALA GANG TEHSIL,69183,2468,44685,3270,2418,68329,6094
JHELUM DISTRICT,DINA TEHSIL,38067,1387,32709,1705,5959,37542,6680
JHELUM DISTRICT,JHELUM TEHSIL,72705,4130,62337,4290,13110,71716,15781
JHELUM DISTRICT,PIND DADAN KHAN TEHSIL,55651,651,42148,1021,1833,54965,4722
JHELUM DISTRICT,SOHAWA TEHSIL,33578,1007,27557,505,1027,33149,2114
RAWALPINDI DISTRICT,GUJAR KHAN TEHSIL,108110,4075,93780,3986,5561,106676,12727
RAWALPINDI DISTRICT,KAHUTA TEHSIL,36944,2267,30272,930,1873,36231,4245
RAWALPINDI DISTRICT,KALLAR SAYADDAN TEHSIL,35207,1952,30549,2018,1947,34787,4548
RAWALPINDI DISTRICT,KOTLI SATTIAN TEHSIL,23439,2377,10252,342,289,23191,796
RAWALPINDI DISTRICT,MURREE TEHSIL,39809,3164,24461,2990,1252,39428,3805
RAWALPINDI DISTRICT,RAWALPINDI TEHSIL,521720,45281,466576,60361,80226,515828,168983
RAWALPINDI DISTRICT,TAXILA TEHSIL,108363,5392,94143,7754,14777,107206,31967
BHAKKAR DISTRICT,BHAKKAR TEHSIL,102747,1408,56664,2645,1602,101328,5954
BHAKKAR DISTRICT,DARYA KHAN TEHSIL,57245,954,26843,1253,572,56437,2115
BHAKKAR DISTRICT,KALUR KOT TEHSIL,52475,1043,25295,1558,465,51716,2870
BHAKKAR DISTRICT,MANKERA TEHSIL,40185,587,14561,524,256,39720,1366
KHUSHAB DISTRICT,KHUSHAB TEHSIL,108710,3049,73897,2920,2919,107432,10899
KHUSHAB DISTRICT,NOORPUR TEHSIL,38796,1003,17245,1448,230,38431,1532
KHUSHAB DISTRICT,NOWSHERA TEHSIL,19288,1105,14595,1715,439,18955,2707
KHUSHAB DISTRICT,QUAIDABAD TEHSIL,34874,980,20851,1171,405,34414,1881
SARGODHA DISTRICT,BHALWAL TEHSIL,62271,2419,48716,3862,1820,61389,7525
SARGODHA DISTRICT,BHERA TEHSIL,50550,817,35033,898,795,49807,3946
SARGODHA DISTRICT,KOT MOMIN TEHSIL,66664,841,34067,1845,538,65929,4238
SARGODHA DISTRICT,SAHIWAL TEHSIL,51503,2222,34349,5495,907,50901,3983
SARGODHA DISTRICT,SARGODHA TEHSIL,236314,7879,179778,11239,13648,233200,32636
SARGODHA DISTRICT,SHAHPUR TEHSIL,56565,770,37772,1159,600,55771,3705
SARGODHA DISTRICT,SILLANWALI TEHSIL,49545,641,31010,2639,808,48888,2798
MIANWALI DISTRICT,ISAKHEL TEHSIL,52601,3972,35517,926,989,51698,2113
MIANWALI DISTRICT,MIANWALI TEHSIL,117819,6700,81588,3561,2821,115803,9025
MIANWALI DISTRICT,PIPLAN TEHSIL,59928,1718,40691,2228,2254,59255,6782
GUJRANWALA DISTRICT,GUJRANWALA CITY TEHSIL,38115,318,30361,660,1114,37613,3862
GUJRANWALA DISTRICT,GUJRANWALA SADDAR TEHSIL,416834,8305,356807,23597,34909,411506,68343
GUJRANWALA DISTRICT,KAMOKE TEHSIL,81058,1745,64169,1681,1737,79841,7183
GUJRANWALA DISTRICT,NOWSHERA VIRKAN TEHSIL,73932,920,53057,3081,1636,72962,6098
GUJRANWALA DISTRICT,WAZIRABAD TEHSIL,126892,1935,103027,5968,7755,125562,17993
GUJRAT DISTRICT,GUJRAT TEHSIL,234395,5500,190316,10863,20420,231992,34574
GUJRAT DISTRICT,KHARIAN TEHSIL,156238,5075,127458,8143,15656,154223,24861
GUJRAT DISTRICT,SARAI ALAMGIR TEHSIL,40578,1499,35273,1905,5401,40110,6450
HAFIZABAD DISTRICT,HAFIZABAD TEHSIL,96952,1749,70402,5726,3672,95770,11144
HAFIZABAD DISTRICT,PINDI BHATTIAN TEHSIL,71999,781,43012,2131,864,71040,5361
MANDI BAHAUDDIN DISTRICT,MALAKWAL TEHSIL,58374,1663,40067,2035,1745,57738,5493
MANDI BAHAUDDIN DISTRICT,MANDI BAHAUDDIN TEHSIL,103483,5276,79177,4192,6069,102425,13092
MANDI BAHAUDDIN DISTRICT,PHALIA TEHSIL,85564,2793,57258,3329,2761,84910,10531
NAROWAL DISTRICT,NAROWAL TEHSIL,82779,2331,63556,5211,2285,81999,8435
NAROWAL DISTRICT,SHAKARGARH TEHSIL,92711,2546,62795,5619,1947,91870,7144
NAROWAL DISTRICT,ZAFARWAL TEHSIL,60293,1439,41626,3498,1457,59690,3960
SIALKOT DISTRICT,DASKA TEHSIL,121168,2446,99454,8450,5452,119796,16489
SIALKOT DISTRICT,PASRUR TEHSIL,117493,1973,91034,4756,4086,116103,11110
SIALKOT DISTRICT,SAMBRIAL TEHSIL,61233,872,50847,2548,3110,60592,8832
SIALKOT DISTRICT,SIALKOT TEHSIL,266425,23507,240411,26176,41019,262580,62881
LAHORE DISTRICT,LAHORE CANTT TEHSIL,256850,27769,231862,45101,48317,254143,89194
LAHORE DISTRICT,LAHORE CITY TEHSIL,570852,40827,523152,54188,71727,564364,143115
LAHORE DISTRICT,MODEL TOWN TEHSIL,425272,32812,379466,53769,62110,420622,130610
LAHORE DISTRICT,RAIWIND TEHSIL,128475,6902,101849,9585,9411,126619,23966
LAHORE DISTRICT,SHALIMAR TEHSIL,352706,36042,324060,26064,19872,348727,85466
KASUR DISTRICT,CHUNIAN TEHSIL,121084,2035,58851,2736,1300,119835,6998
KASUR DISTRICT,KASUR TEHSIL,193537,6193,123691,4529,3885,190705,13482
KASUR DISTRICT,KOT RADHA KISHAN TEHSIL,51409,1232,28366,829,781,50868,2857
KASUR DISTRICT,PATTOKI TEHSIL,136563,5699,88109,2474,1656,134563,8113
NANKANA SAHIB DISTRICT,NANKANA SAHIB TEHSIL,134772,2018,91771,3784,1832,132570,8040
NANKANA SAHIB DISTRICT,SANGLA HILL TEHSIL,34818,1581,28160,629,955,34470,3533
NANKANA SAHIB DISTRICT,SHAH KOT TEHSIL,38077,951,29609,2290,986,37594,4051
SHEIKHUPURA DISTRICT,FEROZEWALA TEHSIL,117395,3360,101059,2361,2291,115303,11199
SHEIKHUPURA DISTRICT,MURIDKE TEHSIL,92620,3000,78274,1925,1573,91117,7331
SHEIKHUPURA DISTRICT,SAFDARABAD TEHSIL,40279,390,30101,550,570,39720,2241
SHEIKHUPURA DISTRICT,SHARAK PUR TEHSIL,28791,1129,22262,585,430,28408,1860
SHEIKHUPURA DISTRICT,SHEIKHUPURA TEHSIL,228648,15197,186601,6904,6011,225458,23777
FAISALABAD DISTRICT,CHAK JHUMRA TEHSIL,49466,2396,39002,3717,1817,48748,5940
FAISALABAD DISTRICT,FAISALABAD CITY TEHSIL,500988,32200,449393,55170,49440,494774,103692
FAISALABAD DISTRICT,FAISALABAD SADAR TEHSIL,216609,6985,171696,13412,7961,212734,23178
FAISALABAD DISTRICT,JARANWALA TEHSIL,216534,4740,155663,9749,4720,212957,19483
FAISALABAD DISTRICT,SAMMUNDRI TEHSIL,95801,1859,75477,3045,2775,94563,9384
FAISALABAD DISTRICT,TANDLIAN WALA TEHSIL,98626,1011,61599,3072,1332,96247,5122
CHINIOT DISTRICT,BHAWANA TEHSIL,52009,512,22058,715,278,51093,1975
CHINIOT DISTRICT,CHINIOT TEHSIL,79837,1436,51855,5927,1769,78238,7452
CHINIOT DISTRICT,LALIAN TEHSIL,68431,872,39328,4973,3482,67513,9127
JHANG DISTRICT,18-HAZARI TEHSIL,43644,1081,13118,1403,442,43190,1529
JHANG DISTRICT,AHMADPUR SIAL TEHSIL,59359,1311,16843,680,519,58893,2022
JHANG DISTRICT,JHANG TEHSIL,214006,4927,111141,12107,5860,210912,17422
JHANG DISTRICT,SHORKOT TEHSIL,77472,1242,28353,2285,1514,77004,5363
TOBA TEK SINGH DISTRICT,GOJRA TEHSIL,97575,1193,73577,2780,3826,96316,9996
TOBA TEK SINGH DISTRICT,KAMALIA TEHSIL,53388,1262,38959,5005,1402,52245,4785
TOBA TEK SINGH DISTRICT,PIRMAHAL TEHSIL,62677,1241,40887,2287,2292,61950,5517
TOBA TEK SINGH DISTRICT,TOBA TEK SINGH TEHSIL,113432,3512,81017,9967,5703,111933,14385
SAHIWAL DISTRICT,CHICHAWATNI TEHSIL,153151,2751,105792,6072,2749,150854,12098
SAHIWAL DISTRICT,SAHIWAL TEHSIL,221337,10117,174757,21575,9885,216919,28046
OKARA DISTRICT,DEPALPUR TEHSIL,210491,2530,127415,9587,2420,206928,13066
OKARA DISTRICT,OKARA TEHSIL,177011,4568,133305,11276,7731,173752,18072
OKARA DISTRICT,RENALA KHURD TEHSIL,74418,1084,49312,2928,1145,73334,5660
PAKPATTAN DISTRICT,ARIF WALA TEHSIL,135832,5859,91994,9990,2700,132983,10270
PAKPATTAN DISTRICT,PAKPATTAN TEHSIL,150163,8027,99605,11912,2663,146576,12835
BAHAWALNAGAR DISTRICT,BAHAWALNAGAR TEHSIL,122641,1430,58327,2090,2277,121091,7379
BAHAWALNAGAR DISTRICT,CHISHTIAN TEHSIL,106880,1452,66631,1809,1658,105471,7492
BAHAWALNAGAR DISTRICT,FORT ABBAS TEHSIL,64606,1375,28859,831,546,64216,3625
BAHAWALNAGAR DISTRICT,HAROONABAD TEHSIL,82825,2006,51374,1454,1611,82125,6891
BAHAWALNAGAR DISTRICT,MINCHINABAD TEHSIL,75802,855,30223,2623,458,74829,2742
BAHAWALPUR DISTRICT,AHMADPUR EAST TEHSIL,148572,3875,55715,5264,2011,146678,6647
BAHAWALPUR DISTRICT,BAHAWALPUR CITY TEHSIL,108390,3736,80426,6802,7007,106691,20386
BAHAWALPUR DISTRICT,BAHAWALPUR SADDAR TEHSIL,82821,2268,41471,3093,1615,81561,6213
BAHAWALPUR DISTRICT,HASILPUR TEHSIL,70542,1594,41666,3745,1297,69592,6064
BAHAWALPUR DISTRICT,KHAIRPUR TAMEWALI TEHSIL,39178,909,16288,576,320,38656,1479
BAHAWALPUR DISTRICT,YAZMAN TEHSIL,90829,3483,34237,2174,704,90183,4785
RAHIM YAR KHAN DISTRICT,KHANPUR TEHSIL,133056,2959,74831,3330,2067,131267,9087
RAHIM YAR KHAN DISTRICT,LIAQUATPUR TEHSIL,138149,2057,59469,2345,1097,136539,5646
RAHIM YAR KHAN DISTRICT,RAHIM YAR KHAN TEHSIL,219857,5166,138177,7192,5686,216491,20494
RAHIM YAR KHAN DISTRICT,SADIQABAD TEHSIL,172184,2672,99662,3964,3259,169866,13060
DERA GHAZI KHAN DISTRICT,DE-EXCLUDED AREA D.G KHAN TEHSIL,26650,6449,1482,325,155,26329,378
DERA GHAZI KHAN DISTRICT,DERA GHAZI KHAN TEHSIL,130951,9266,64508,11802,5136,129681,14631
DERA GHAZI KHAN DISTRICT,KOT CHHUTTA TEHSIL,75073,4490,23958,1708,493,74215,2252
DERA GHAZI KHAN DISTRICT,TAUNSA TEHSIL,85900,3429,27443,3072,638,84853,3995
RAJANPUR DISTRICT,DE-EXCLUDED AREA RAJANPUR,4058,55,19,5,4,4043,22
RAJANPUR DISTRICT,JAMPUR TEHSIL,98016,5714,31526,2862,632,97015,4136
RAJANPUR DISTRICT,RAJANPUR TEHSIL,82130,1991,32458,1921,668,80957,4223
RAJANPUR DISTRICT,ROJHAN TEHSIL,47351,1011,9428,1167,568,46618,825
LAYYAH DISTRICT,CHOUBARA TEHSIL,34891,1031,7971,331,118,34692,887
LAYYAH DISTRICT,KAROR LAL ESAN TEHSIL,85449,3120,40914,6247,1063,84654,6402
LAYYAH DISTRICT,LAYYAH TEHSIL,146719,7018,72025,7223,2344,144828,9445
MUZAFFARGARH DISTRICT,ALIPUR TEHSIL,85216,2964,35733,4089,1086,83643,3052
MUZAFFARGARH DISTRICT,JATOI TEHSIL,102111,5010,39006,7876,871,100269,3423
MUZAFFARGARH DISTRICT,KOT ADDU TEHSIL,190573,7057,71130,9820,2591,188240,9845
MUZAFFARGARH DISTRICT,MUZAFFARGARH TEHSIL,226683,9868,106793,11846,3098,222570,9085
MULTAN DISTRICT,JALALPUR PIRWALA TEHSIL,81764,1760,32609,3137,565,80649,2660
MULTAN DISTRICT,MULTAN CITY TEHSIL,357228,14745,302188,33493,23838,351970,59761
MULTAN DISTRICT,MULTAN SADDAR TEHSIL,199570,7560,112648,10582,3471,196639,12134
MULTAN DISTRICT,SHUJABAD TEHSIL,88969,3122,48040,5624,1055,87592,4809
KHANEWAL DISTRICT,JAHANIAN TEHSIL,51136,1066,33328,3881,676,50560,3936
KHANEWAL DISTRICT,KABIRWALA TEHSIL,142236,4425,45190,7505,1712,141342,7636
KHANEWAL DISTRICT,KHANEWAL TEHSIL,136100,3495,75388,7432,3300,134571,10726
KHANEWAL DISTRICT,MIAN CHANNU TEHSIL,115427,2246,66078,7048,2307,114057,9976
LODHRAN DISTRICT,DUNYAPUR TEHSIL,74214,2483,39970,2294,506,73436,3848
LODHRAN DISTRICT,KAHROR PACCA TEHSIL,74949,1713,32026,3111,365,74204,3587
LODHRAN DISTRICT,LODHRAN TEHSIL,99071,3045,50999,5565,854,97761,6185
VEHARI DISTRICT,BUREWALA TEHSIL,155370,11415,109268,16150,5614,153089,17489
VEHARI DISTRICT,MAILSI TEHSIL,142296,3140,69589,11815,1331,140515,8985
VEHARI DISTRICT,VEHARI TEHSIL,137119,7295,79123,11943,3075,135036,12656
JACOBABAD DISTRICT,GARHI KHAIRO TALUKA,21006,840,5646,1826,362,20348,524
JACOBABAD DISTRICT,JACOBABAD TALUKA,53742,769,29688,1992,1408,52211,2852
JACOBABAD DISTRICT,THUL TALUKA,60574,1072,10593,3116,774,59632,1778
KASHMORE DISTRICT,KANDHKOT TALUKA,54671,677,17429,2118,1098,53710,2164
KASHMORE DISTRICT,KASHMORE TALUKA,58742,3747,16109,2054,1198,57684,2830
KASHMORE DISTRICT,TANGWANI TALUKA,39396,1457,5859,2775,830,38807,1690
KAMBAR SHAHDAD KOT DISTRICT,KAMBAR ALI KHAN TALUKA,51882,1561,21847,2475,775,50660,2284
KAMBAR SHAHDAD KOT DISTRICT,MIRO KHAN TALUKA,21821,1704,5871,1385,498,21406,785
KAMBAR SHAHDAD KOT DISTRICT,NASIRABAD TALUKA,19315,279,7603,890,189,18737,736
KAMBAR SHAHDAD KOT DISTRICT,QUBO SAEED KHAN TALUKA,11036,250,1363,435,133,10953,246
KAMBAR SHAHDAD KOT DISTRICT,SHAHDAD KOT TALUKA,29449,657,16688,1406,727,28657,1728
KAMBAR SHAHDAD KOT DISTRICT,SUJAWAL JUNEJO TALUKA,15223,751,5134,976,209,14948,362
KAMBAR SHAHDAD KOT DISTRICT,WARAH TALUKA,30396,499,10496,1197,281,29442,775
LARKANA DISTRICT,BAKRANI TALUKA,33152,2786,17881,2064,484,31580,1249
LARKANA DISTRICT,DOKRI TALUKA,30855,775,17329,1527,344,29180,1011
LARKANA DISTRICT,LARKANA TALUKA,114910,5894,81994,8980,4645,110905,10905
LARKANA DISTRICT,RATODERO TALUKA,46991,1854,26918,4568,995,45041,2431
SHIKARPUR DISTRICT,GARHI YASIN TALUKA,41779,954,13840,1344,545,40791,1080
SHIKARPUR DISTRICT,KHANPUR TALUKA,30794,939,5182,1193,331,30089,667
SHIKARPUR DISTRICT,LAKHI TALUKA,31779,382,8735,2309,416,30920,1065
SHIKARPUR DISTRICT,SHIKARPUR TALUKA,54549,2062,28143,2849,2027,52840,4305
GHOTKI DISTRICT,DAHARKI TALUKA,43957,587,14971,2147,1578,43136,2644
GHOTKI DISTRICT,GHOTKI TALUKA,74254,3483,30258,6892,1266,72047,3448
GHOTKI DISTRICT,KHANGARH TALUKA,20264,611,6232,2277,347,19586,549
GHOTKI DISTRICT,MIRPUR MATHELO TALUKA,47525,1517,17164,4676,1587,46306,2325
GHOTKI DISTRICT,UBAURO TALUKA,47941,690,14446,2306,304,46919,1362
KHAIRPUR DISTRICT,FAIZ GANJ TALUKA,33257,817,8518,1346,333,32600,722
KHAIRPUR DISTRICT,GAMBAT TALUKA,34147,633,15693,1679,914,33233,1524
KHAIRPUR DISTRICT,KHAIRPUR TALUKA,64436,1828,39130,4875,1641,62496,5889
KHAIRPUR DISTRICT,KINGRI TALUKA,46024,1925,21500,3918,689,44388,1987
KHAIRPUR DISTRICT,KOT DIJI TALUKA,45827,547,19633,997,369,44321,1486
KHAIRPUR DISTRICT,MIRWAH TALUKA,46919,641,16196,2918,423,45830,1204
KHAIRPUR DISTRICT,NARA TALUKA,19889,147,3728,639,157,19679,469
KHAIRPUR DISTRICT,SOBHO DERO TALUKA,37379,809,16957,2046,707,36310,1337
SUKKUR DISTRICT,NEW SUKKUR TALUKA,48305,873,28861,2916,1309,46704,3287
SUKKUR DISTRICT,PANO AQIL TALUKA,62775,1304,24822,2558,1176,61463,2685
SUKKUR DISTRICT,ROHRI TALUKA,52296,637,25033,2394,1209,50753,2403
SUKKUR DISTRICT,SALEHPAT TALUKA,19019,638,4070,769,173,18498,444
SUKKUR DISTRICT,SUKKUR CITY TALUKA,40688,1088,36440,3152,4218,39597,6416
BADIN DISTRICT,BADIN TALUKA,59914,5522,17149,5299,1023,57916,3403
BADIN DISTRICT,GOLARCHI (S.F.RAHU) TALUKA,43437,5487,11700,4974,1580,42352,1765
BADIN DISTRICT,MATLI TALUKA,58789,2677,18977,5076,861,57236,2679
BADIN DISTRICT,TALHAR TALUKA,22274,790,5754,1166,269,21406,1285
BADIN DISTRICT,TANDO BAGO TALUKA,56634,4148,11967,2517,1151,54553,2224
DADU DISTRICT,DADU TALUKA,72409,1604,46618,4177,1392,69492,5156
DADU DISTRICT,JOHI TALUKA,40720,2268,17152,1102,646,39439,916
DADU DISTRICT,KHAIRPUR NATHAN SHAH TALUKA,47389,1886,24157,2952,1139,45082,1750
DADU DISTRICT,MEHAR TALUKA,64024,2939,35172,3618,1119,60959,2129
HYDERABAD DISTRICT,HYDERABAD CITY TALUKA,137909,4370,127396,11367,8857,132855,19912
HYDERABAD DISTRICT,HYDERABAD TALUKA,67828,8494,41757,8273,3866,63636,6160
HYDERABAD DISTRICT,LATIFABAD TALUKA,136258,5468,120603,11146,9103,132117,26453
HYDERABAD DISTRICT,QASIMABAD TALUKA,56099,3587,47672,10719,7935,54684,20085
JAMSHORO DISTRICT,KOTRI TALUKA,68783,2051,48346,3856,2544,67065,7625
JAMSHORO DISTRICT,MANJHAND TALUKA,21639,3552,11313,2468,279,20781,934
JAMSHORO DISTRICT,SEHWAN TALUKA,41589,1155,26585,2447,1253,38614,1929
JAMSHORO DISTRICT,THANO BULA KHAN TALUKA,13665,1486,5296,1135,769,12895,1305
MATIARI DISTRICT,HALA TALUKA,37282,1867,23233,1932,707,35696,2325
MATIARI DISTRICT,MATIARI TALUKA,47778,1998,21357,2788,583,45334,1796
MATIARI DISTRICT,SAEEDABAD TALUKA,24501,1008,9933,1507,196,23576,775
SUJAWAL DISTRICT,JATI TALUKA,22560,2093,2124,971,164,21981,370
SUJAWAL DISTRICT,KHARO CHAN TALUKA,1371,30,22,13,4,1358,15
SUJAWAL DISTRICT,MIRPUR BATHORO TALUKA,24804,1415,6045,1766,370,24149,1035
SUJAWAL DISTRICT,SHAH BUNDER TALUKA,19763,830,2184,1029,541,19534,536
SUJAWAL DISTRICT,SUJAWAL TALUKA,22305,896,4791,1924,185,21602,823
TANDO ALLAHYAR DISTRICT,CHAMBER TALUKA,29353,750,10782,1387,337,28078,951
TANDO ALLAHYAR DISTRICT,JHANDO MARI TALUKA,32235,937,11731,1449,397,30728,936
TANDO ALLAHYAR DISTRICT,TANDO ALLAHYAR TALUKA,59983,943,35742,3166,1414,57197,4325
TANDO MUHAMMAD KHAN DISTRICT,BULRI SHAH KARIM TALUKA,26229,2680,5024,876,176,25018,671
TANDO MUHAMMAD KHAN DISTRICT,TANDO GHULAM HYDER TALUKA,21278,1929,4958,1369,274,20352,577
TANDO MUHAMMAD KHAN DISTRICT,TANDO MUHAMMAD KHAN TALUKA,35404,1485,17470,1749,757,33996,2264
THATTA DISTRICT,GHORABARI TALUKA,22106,1523,2168,1041,175,21561,346
THATTA DISTRICT,KETI BUNDER TALUKA,8813,661,384,419,26,8719,248
THATTA DISTRICT,MIRPUR SAKRO TALUKA,46670,1866,10839,1681,439,45894,1328
THATTA DISTRICT,THATTA TALUKA,52631,4187,16437,3388,1079,50823,2960
KARACHI CENTRAL DISTRICT,GULBERG SUB-DIVISION,94592,12705,83571,22709,21467,93448,49886
KARACHI CENTRAL DISTRICT,LIAQUATABAD SUB-DIVISION,83690,2029,75741,7084,3503,82262,15403
KARACHI CENTRAL DISTRICT,NAZIMABAD SUB-DIVISION,80427,8089,70316,11949,12789,79195,26519
KARACHI CENTRAL DISTRICT,NEW KARACHI SUB-DIVISION,146695,6282,126729,11994,8227,144501,33217
KARACHI CENTRAL DISTRICT,NORTH NAZIMABAD SUB-DIVISION,124859,10518,108973,23397,28000,123506,59711
KARACHI EAST DISTRICT,FEROZABAD SUB-DIVISION,139186,8649,122250,20528,21592,136971,48737
KARACHI EAST DISTRICT,GULSHAN-E-IQBAL SUB-DIVISION,153053,11322,135082,35697,45133,151352,88540
KARACHI EAST DISTRICT,GULZAR-E-HIJRI SUB-DIVISION,114885,4541,72606,11063,10360,113222,28559
KARACHI EAST DISTRICT,JAMSHED QUARTERS SUB-DIVISION,85935,4009,74872,12097,20074,84560,37988
KARACHI SOUTH DISTRICT,ARAM BAGH SUB-DIVISION,24853,583,21485,2331,3412,24345,6296
KARACHI SOUTH DISTRICT,CIVIL LINES SUB-DIVISION,87970,13338,75569,27456,30360,87205,47528
KARACHI SOUTH DISTRICT,GARDEN SUB-DIVISION,66509,2382,60098,4557,4075,65290,13591
KARACHI SOUTH DISTRICT,LYARI SUB-DIVISION,109785,3354,95451,8380,3081,107275,14187
KARACHI SOUTH DISTRICT,SADDAR SUB-DIVISION,26594,3145,24314,6934,7083,26307,12412
KARACHI WEST DISTRICT,BALDIA SUB-DIVISION,126538,11905,91143,6589,2234,124734,17415
KARACHI WEST DISTRICT,HARBOUR SUB-DIVISION,63982,1616,38300,3753,1911,62961,6627
KARACHI WEST DISTRICT,MANGHOPIR SUB-DIVISION,109775,3319,76216,4673,3058,108170,14246
KARACHI WEST DISTRICT,MAURIPUR SUB-DIVISION,29206,1220,20043,1464,874,28650,3584
KARACHI WEST DISTRICT,MOMINABAD SUB-DIVISION,142196,10739,115735,10778,2923,139284,19724
KARACHI WEST DISTRICT,ORANGI SUB-DIVISION,79875,2640,53231,4131,1682,78693,9329
KARACHI WEST DISTRICT,SITE SUB-DIVISION,61051,3766,43392,4475,1574,60343,9349
KORANGI DISTRICT,KORANGI SUB-DIVISION,181400,7607,145430,10329,5276,178528,23143
KORANGI DISTRICT,LANDHI SUB-DIVISION,91207,1677,81133,4993,3280,89921,15202
KORANGI DISTRICT,MODEL COLONY SUB-DIVISION,69776,14634,64156,10280,8510,68679,23151
KORANGI DISTRICT,SHAH FAISAL SUB-DIVISION,91657,6173,80287,12756,11543,90429,33899
MALIR DISTRICT,AIRPORT SUB-DIVISION,31389,2314,27486,4797,4871,31069,11982
MALIR DISTRICT,BIN QASIM SUB-DIVISION,39309,1933,27734,4405,3659,38728,9872
MALIR DISTRICT,GADAP SUB-DIVISION,10077,630,3552,503,93,9780,369
MALIR DISTRICT,IBRAHIM HYDRI SUB-DIVISION,156765,7007,98327,15612,5482,153990,19391
MALIR DISTRICT,MURAD MEMON SUB-DIVISION,60292,3055,46232,6666,2064,58662,7045
MALIR DISTRICT,SHAH MUREED SUB-DIVISION,5133,234,1673,160,16,5042,112
MIRPUR KHAS DISTRICT,DIGRI TALUKA,31436,660,11330,1438,699,30947,1832
MIRPUR KHAS DISTRICT,HUSSAIN BUX MARI TALUKA,21510,1197,7933,1005,194,20675,812
MIRPUR KHAS DISTRICT,JHUDO TALUKA,29836,1412,9185,2988,614,29323,1293
MIRPUR KHAS DISTRICT,KOT GHULAM MUHAMMAD TALUKA,41079,601,10805,1180,305,40410,989
MIRPUR KHAS DISTRICT,MIRPUR KHAS TALUKA,43866,1050,35781,3088,2432,42881,5443
MIRPUR KHAS DISTRICT,SHUJAABAD TALUKA,25319,1076,10119,1402,220,24563,715
MIRPUR KHAS DISTRICT,SINDHRI TALUKA,33551,1738,6907,1732,205,32829,707
THARPARKAR DISTRICT,CHACHRO TALUKA,37362,700,1103,749,182,37073,481
THARPARKAR DISTRICT,DAHLI TALUKA,32984,1049,255,392,100,32788,294
THARPARKAR DISTRICT,DIPLO TALUKA,22279,1077,1457,907,426,21882,441
THARPARKAR DISTRICT,ISLAMKOT TALUKA,35019,1245,2156,1407,382,34812,944
THARPARKAR DISTRICT,KALOI TALUKA,14960,646,977,980,88,14707,296
THARPARKAR DISTRICT,MITHI TALUKA,33423,639,5296,1765,670,33091,1617
THARPARKAR DISTRICT,NAGAR PARKAR TALUKA,31667,1430,723,407,170,31184,238
UMER KOT DISTRICT,KUNRI TALUKA,31916,1330,11062,1021,488,31225,1196
UMER KOT DISTRICT,PITHORO TALUKA,17109,1073,3234,846,123,16816,464
UMER KOT DISTRICT,SAMARO TALUKA,22285,1041,5329,955,223,21683,637
UMER KOT DISTRICT,UMER KOT TALUKA,84557,2590,18021,5559,1710,83177,4123
SANGHAR DISTRICT,JAM NAWAZ ALI TALUKA,21085,513,5152,457,202,20577,407
SANGHAR DISTRICT,KHIPRO TALUKA,46589,1837,9798,2334,752,45870,2044
SANGHAR DISTRICT,SANGHAR TALUKA,63143,1562,22581,4100,1152,61842,3028
SANGHAR DISTRICT,SHAHDADPUR TALUKA,67596,1678,32928,2879,1177,65565,3138
SANGHAR DISTRICT,SINJHORO TALUKA,46661,931,17919,894,475,45675,1379
SANGHAR DISTRICT,TANDO ADAM TALUKA,53713,5244,32885,4274,1338,52018,3527
NAUSHAHRO FEROZE DISTRICT,BHIRIA TALUKA,43288,857,26903,1519,790,41675,1747
NAUSHAHRO FEROZE DISTRICT,KANDIARO TALUKA,45381,1129,26173,2007,936,43639,2014
NAUSHAHRO FEROZE DISTRICT,MEHRABPUR TALUKA,36363,999,19322,1687,714,35343,1918
NAUSHAHRO FEROZE DISTRICT,MORO TALUKA,55465,3338,32408,3432,1462,52454,2745
NAUSHAHRO FEROZE DISTRICT,NAUSHAHRO FEROZE TALUKA,52739,1293,27242,1687,651,50760,2628
SHAHEED BENAZIRABAD DISTRICT,DAUR TALUKA,70155,2542,27935,2866,795,67858,2287
SHAHEED BENAZIRABAD DISTRICT,KAZI AHMED TALUKA,51922,1316,24080,1594,548,50085,1465
SHAHEED BENAZIRABAD DISTRICT,NAWABSHAH TALUKA,64831,1874,47480,4431,3178,62859,7041
SHAHEED BENAZIRABAD DISTRICT,SAKRAND TALUKA,54284,2044,27820,2684,692,51567,2316
AWARAN DISTRICT,AWARAN TEHSIL,3522,106,292,73,36,3513,52
AWARAN DISTRICT,GISHKORE SUB-TEHSIL,334,54,41,7,71,225,7
AWARAN DISTRICT,JHAL JAO SUB-TEHSIL,1905,1864,56,23,28,34,14
AWARAN DISTRICT,MASHKAI TEHSIL,3408,437,423,20,41,3279,31
KALAT DISTRICT,GAZG SUB-TEHSIL,312,292,26,,1,23,2
KALAT DISTRICT,JOHAN SUB-TEHSIL,231,195,8,4,2,52,4
KALAT DISTRICT,KALAT TEHSIL,15755,2052,3522,748,311,15278,1011
KALAT DISTRICT,MANGOCHAR TEHSIL,7700,1075,1099,462,98,7614,314
KALAT DISTRICT,SURAB TEHSIL,19666,2615,2870,2270,513,19089,978
KHARAN DISTRICT,KHARAN TEHSIL,8707,1250,3937,1077,756,8245,777
KHARAN DISTRICT,SAR KHARAN TEHSIL,6429,447,264,201,36,6358,65
KHARAN DISTRICT,SUB TEHSIL TOHMULK,2917,1051,27,45,198,2279,22
KHUZDAR DISTRICT,ARANJI SUB-TEHSIL,1463,596,48,15,26,1099,25
KHUZDAR DISTRICT,KARAKH SUB-TEHSIL,3841,1016,132,234,80,3602,69
KHUZDAR DISTRICT,KHUZDAR TEHSIL,36764,4978,15015,5729,2652,35470,3280
KHUZDAR DISTRICT,MOOLA SUB-TEHSIL,2604,359,85,100,243,2423,100
KHUZDAR DISTRICT,NAL SUB-TEHSIL,15685,4402,2481,1052,454,14716,341
KHUZDAR DISTRICT,ORNACH SUB-TEHSIl,4452,1843,339,236,430,3797,61
KHUZDAR DISTRICT,SAROONA SUB-TEHSIL,1238,1004,28,46,8,256,9
KHUZDAR DISTRICT,WADH TEHSIL,12924,3475,1211,1057,191,12613,363
KHUZDAR DISTRICT,ZEHRI TEHSIL,7116,1672,2239,826,1029,5563,419
LASBELA DISTRICT,BELA TEHSIL,14927,913,2504,842,276,14722,406
LASBELA DISTRICT,DUREJI TEHSIL,3359,2266,583,63,237,1207,38
LASBELA DISTRICT,GADDANI TEHSIL,3986,447,1920,155,30,3910,71
LASBELA DISTRICT,HUB TEHSIL,24621,496,10055,1729,282,24360,1502
LASBELA DISTRICT,KANRAJ TEHSIL,399,121,12,3,99,196,91
LASBELA DISTRICT,LAKHRA TEHSIL,4339,199,120,68,7,4307,43
LASBELA DISTRICT,LIARI TEHSIL,969,190,26,17,11,832,13
LASBELA DISTRICT,SONMIANI/WINDER TEHSIL,9006,456,3260,679,220,8907,370
LASBELA DISTRICT,UTHAL TEHSIL,9102,263,1765,276,30,8982,319
MASTUNG DISTRICT,DASHT TEHSIL,8277,1306,1811,142,133,7917,213
MASTUNG DISTRICT,KHAD KOCHA SUB-TEHSIL,5276,298,294,74,39,5219,92
MASTUNG DISTRICT,KIRDGAP SUB-TEHSIL,2970,819,854,270,433,2615,111
MASTUNG DISTRICT,MASTUNG TEHSIL,17165,1452,5658,1211,303,17020,1602
WASHUK DISTRICT,BESIMA SUB-TEHSIL,3233,2258,1126,946,1871,392,153
WASHUK DISTRICT,MASHKHEL SUB-TEHSIL,4908,595,1015,73,490,4754,390
WASHUK DISTRICT,NAG SUB-TEHSIL,1879,472,262,290,424,1377,27
WASHUK DISTRICT,SHAHGORI SUB-TEHSIL,1562,1090,309,12,64,311,15
WASHUK DISTRICT,WASHUK SUB-TEHSIL,2432,536,124,51,145,2135,54
GWADAR DISTRICT,GWADAR TEHSIL,19330,2894,13433,1576,928,18993,1753
GWADAR DISTRICT,JIWANI TEHSIL,4135,524,1232,78,33,4100,109
GWADAR DISTRICT,ORMARA TEHSIL,3941,441,2000,439,178,3845,220
GWADAR DISTRICT,PASNI TEHSIL,7164,599,3457,484,119,7017,350
GWADAR DISTRICT,SUNTSER SUB-TEHSIL,1849,1178,54,8,10,1795,23
KECH DISTRICT,BALNIGORE SUB-TEHSIL,6527,3537,1714,420,291,5767,203
KECH DISTRICT,BULAIDA SUB-TEHSIL,7975,2238,3224,543,1240,7344,942
KECH DISTRICT,DASHT SUB-TEHSIL,10643,4591,1602,654,402,10096,357
KECH DISTRICT,HOSHAB SUB-TEHSIL,6316,2742,3215,1985,2216,5851,1306
KECH DISTRICT,KECH (TURBAT) TEHSIL,64301,17901,43051,14201,9669,61125,8473
KECH DISTRICT,MAND SUB-TEHSIL,7800,573,2225,535,64,7659,120
KECH DISTRICT,TUMP SUB-TEHSIL,16435,4430,9829,1126,1061,14763,769
KECH DISTRICT,ZAMORAN SUB-TEHSIL,3125,1822,191,132,49,1884,41
PANJGUR DISTRICT,GICHK SUB-TEHSIL,469,93,15,9,8,364,14
PANJGUR DISTRICT,GOWARGO TEHSIL,804,314,60,4,43,622,7
PANJGUR DISTRICT,PANJGUR TEHSIL,31851,10856,22658,6685,5132,30968,3911
PANJGUR DISTRICT,PAROME TEHSIL,1902,791,3,2,8,1670,10
JAFFARABAD DISTRICT,GANDHAKA TEHSIL,11125,837,4382,130,94,10992,134
JAFFARABAD DISTRICT,JHAT PAT TEHSIL,33544,912,11548,557,403,32975,849
JAFFARABAD DISTRICT,USTA MUHAMMAD TEHSIL,22656,498,10388,491,274,22003,612
JHAL MAGSI DISTRICT,GANDAWA TEHSIL,7070,297,1048,73,91,7016,106
JHAL MAGSI DISTRICT,JHAL MAGSI TEHSIL,12868,1107,2523,290,350,12670,342
JHAL MAGSI DISTRICT,MIRPUR SUB-TEHSIL,1374,143,3,8,1,1368,3
KACHHI DISTRICT,BALANARI SUB-TEHSIL,6157,506,2921,129,78,6062,102
KACHHI DISTRICT,BHAG TEHSIL,10147,321,2904,155,127,9994,175
KACHHI DISTRICT,DHADAR TEHSIL,5393,147,2471,226,62,5328,243
KACHHI DISTRICT,KHATTAN SUB-TEHSIL,1591,253,526,125,27,1528,30
KACHHI DISTRICT,MACH SUB-TEHSIL,4940,477,2467,345,190,4846,373
KACHHI DISTRICT,SANNI SUB-TEHSIL,9637,1770,873,152,132,9521,105
NASIRABAD DISTRICT,BABA KOT TEHSIL,5891,369,1388,157,274,5718,103
NASIRABAD DISTRICT,CHATTAR SUB-TEHSIL,7345,616,1560,116,56,7243,76
NASIRABAD DISTRICT,DERA MURAD JAMALI TEHSIL,27921,703,10823,676,428,27489,694
NASIRABAD DISTRICT,TAMBOO TEHSIL,16421,1153,6390,650,562,16075,390
SOHBATPUR DISTRICT,FARIDABAD TEHSIL,7469,95,2203,163,56,7393,169
SOHBATPUR DISTRICT,SANHRI TEHSIL,11412,96,2655,105,78,11286,195
SOHBATPUR DISTRICT,SOHBATPUR TEHSIL,6628,209,2874,120,108,6496,124
CHAGAI DISTRICT,CHAGAI SUB-TEHSIL,6825,426,153,149,41,6776,109
CHAGAI DISTRICT,DALBANDIN TEHSIL,11881,2847,1853,487,872,11495,488
CHAGAI DISTRICT,NOKUNDI SUB-TEHSIL,2448,89,172,30,28,2421,41
CHAGAI DISTRICT,TAFTAN SUB-TEHSIL,1787,389,1005,113,266,1680,111
KILLA ABDULLAH DISTRICT,CHAMAN TEHSIL,48495,24362,10338,5764,2015,47196,3657
KILLA ABDULLAH DISTRICT,DOBANDI SUB-TEHSIL,6433,5348,164,44,3631,1797,79
KILLA ABDULLAH DISTRICT,GULISTAN TEHSIL,15363,4992,1863,1725,430,15183,695
KILLA ABDULLAH DISTRICT,KILLA ABDULLAH TEHSIL,21157,10657,3113,4201,1325,20427,1921
NUSHKI DISTRICT,NUSHKI TEHSIL,19969,3314,7186,2604,1020,19332,3384
PISHIN DISTRICT,BARSHORE SUB-TEHSIL,14771,9355,1253,904,2772,12085,422
PISHIN DISTRICT,HURRAM ZAI SUB-TEHSIL,21878,8999,2060,3023,1121,21347,1977
PISHIN DISTRICT,KAREZAT SUB-TEHSIL,20456,10405,5124,5214,1219,18832,1717
PISHIN DISTRICT,PISHIN TEHSIL,50080,15502,12072,9720,2016,49009,5181
PISHIN DISTRICT,SARANAN TEHSIL,9458,3123,813,1164,306,9301,1332
QUETTA DISTRICT,PANJ PAI SUB-TEHSIL,2067,224,381,152,38,2052,121
QUETTA DISTRICT,QUETTA CITY TEHSIL,199238,13741,127527,17380,19977,197242,46220
QUETTA DISTRICT,QUETTA SADDAR TEHSIL,64645,11857,26844,6428,3672,63684,10804
DERA BUGTI DISTRICT,BAIKER SUB-TEHSIL,793,134,18,1,24,713,9
DERA BUGTI DISTRICT,DERA BUGTI TEHSIL,2610,917,1797,20,901,41,475
DERA BUGTI DISTRICT,LOTI TEHSIL,1380,1372,14,8,4,15,3
DERA BUGTI DISTRICT,MALAM SUB-TEHSIL,1271,941,51,31,35,677,6
DERA BUGTI DISTRICT,PHELAWAGH TEHSIL,3004,432,59,5,29,2951,28
DERA BUGTI DISTRICT,PIR KOH SUB-TEHSIL,2929,2608,239,28,541,221,74
DERA BUGTI DISTRICT,SANGSILLAH SUB-TEHSIL,253,114,81,2,84,21,29
DERA BUGTI DISTRICT,SUI TEHSIL,12120,2987,5717,368,1861,8502,987
HARNAI DISTRICT,HARNAI TEHSIL,8872,589,1636,281,169,8662,285
HARNAI DISTRICT,KHOAST SUB-TEHSIL,1147,214,88,89,62,1034,32
HARNAI DISTRICT,SHAHRIG TEHSIL,3551,1058,721,278,126,3516,89
KOHLU DISTRICT,GRISANI SUB-TEHSIL,1896,1322,37,93,62,1731,14
KOHLU DISTRICT,KAHAN TEHSIL,2014,1320,74,48,94,876,37
KOHLU DISTRICT,KOHLU TEHSIL,6117,1662,3040,468,651,5985,281
KOHLU DISTRICT,MAWAND TEHSIL,2019,1617,468,38,315,366,14
KOHLU DISTRICT,TAMBOO TEHSIL,3115,685,437,95,29,3047,190
SIBI DISTRICT,KOT MANDAI SUB-TEHSIL,103,14,,3,1,92,
SIBI DISTRICT,LEHRI TEHSIL,6394,195,2456,75,111,6280,144
SIBI DISTRICT,SANGAN SUB-TEHSIL,318,301,33,21,22,132,2
SIBI DISTRICT,SIBI TEHSIL,17109,599,12102,508,648,16614,1633
ZIARAT DISTRICT,SINJAWI SUB-TEHSIL,13112,2742,1804,981,246,12908,403
ZIARAT DISTRICT,ZIARAT TEHSIL,10509,3864,1621,1992,288,8987,622
BARKHAN DISTRICT,BARKHAN TEHSIL,21974,5079,4226,1116,1619,21499,965
KILLA SAIFULLAH DISTRICT,BADINI SUB-TEHSIL,1713,768,5,4,2,1591,17
KILLA SAIFULLAH DISTRICT,KAN MEHTARZAI SUB-TEHSIL,4738,398,142,227,8,4705,78
KILLA SAIFULLAH DISTRICT,KILLA SAIFULLAH TEHSIL,18296,3670,2979,1183,288,18093,1017
KILLA SAIFULLAH DISTRICT,LOIBAND TEHSIL,3954,1884,58,41,132,3746,37
KILLA SAIFULLAH DISTRICT,MUSLIM BAGH TEHSIL,11660,2073,2436,1270,210,11509,626
KILLA SAIFULLAH DISTRICT,SHINKI SUB-TEHSIL,7409,578,140,93,13,7378,71
LORALAI DISTRICT,DUKI TEHSIL,19439,2357,2902,681,534,19203,619
LORALAI DISTRICT,LORALAI\BORI TEHSIL,25029,5148,8488,2161,845,24737,1876
LORALAI DISTRICT,MEKHTAR SUB-TEHSIL,5268,462,328,83,42,5240,72
MUSAKHEL DISTRICT,DRUG TEHSIL,5148,2060,701,16,34,5053,82
MUSAKHEL DISTRICT,KINGRI TEHSIL,3834,258,474,26,142,3792,112
MUSAKHEL DISTRICT,MUSAKHEL TEHSIL,12907,1941,729,182,255,12621,306
SHERANI DISTRICT,SHERANI SUB-DIVISION,17710,6392,326,394,1100,17182,717
ZHOB DISTRICT,ASHWAT SUB-TEHSIL,410,78,22,2,14,344,1
ZHOB DISTRICT,KASHATOO SUB-TEHSIL,192,186,1,,,2,3
ZHOB DISTRICT,QAMAR DIN KAREZ TEHSIL,1298,1271,290,191,163,171,73
ZHOB DISTRICT,SAMBAZA SUB-TEHSIL,1130,438,20,9,15,970,12
ZHOB DISTRICT,ZHOB TEHSIL,32491,4771,7351,2235,953,32090,1513
ISLAMABAD DISTRICT,ISLAMABAD TEHSIL,330372,35074,276164,68999,72082,327560,134594
